{"stat.walkOneCm":178409,"stat.useItem.minecraft.quartz_block":9,"stat.leaveGame":2,"stat.useItem.minecraft.stained_glass_pane":1,"stat.jump":664,"stat.swimOneCm":211,"stat.climbOneCm":6948,"stat.useItem.minecraft.planks":21,"stat.crouchOneCm":11792,"stat.enderchestOpened":1,"stat.useItem.minecraft.leaves":11,"stat.useItem.minecraft.dirt":4,"stat.sprintOneCm":99447,"stat.useItem.minecraft.stained_glass":47,"achievement.exploreAllBiomes":{"value":0,"progress":["Plains"]},"stat.useItem.minecraft.glass":154,"stat.useItem.minecraft.stone_slab":10,"achievement.openInventory":17,"stat.useItem.minecraft.barrier":66,"stat.damageTaken":200,"stat.flyOneCm":1769637,"stat.deaths":1,"stat.useItem.minecraft.birch_fence":26,"stat.playOneMinute":167340,"stat.useItem.minecraft.wool":22,"stat.timeSinceDeath":167233}