{"stat.walkOneCm":11966,"achievement.openInventory":7,"stat.useItem.minecraft.barrier":13,"stat.leaveGame":3,"stat.damageTaken":80,"stat.flyOneCm":387806,"stat.useItem.minecraft.birch_fence":35,"stat.jump":23,"stat.playOneMinute":27497,"stat.climbOneCm":370,"stat.useItem.minecraft.planks":4,"stat.crouchOneCm":790,"stat.useItem.minecraft.wool":56,"stat.timeSinceDeath":27497,"stat.sprintOneCm":2716,"stat.useItem.minecraft.stained_glass":4,"achievement.exploreAllBiomes":{"value":0,"progress":["Plains"]}}