{"stat.chestOpened":1,"stat.useItem.minecraft.lapis_block":3,"stat.walkOneCm":11521,"stat.useItem.minecraft.bed":5,"achievement.openInventory":3,"stat.useItem.minecraft.stone":10,"stat.leaveGame":9,"stat.useItem.minecraft.emerald_block":5,"stat.useItem.minecraft.carpet":2,"stat.flyOneCm":1310053,"stat.jump":62,"stat.playOneMinute":31183,"stat.fallOneCm":211,"stat.useItem.minecraft.planks":2,"stat.useItem.minecraft.nether_brick_stairs":24,"stat.crouchOneCm":2375,"stat.useItem.minecraft.wool":15,"stat.timeSinceDeath":31183,"stat.useItem.minecraft.stained_hardened_clay":9,"stat.sprintOneCm":6228,"stat.useItem.minecraft.diamond_block":3,"achievement.exploreAllBiomes":{"value":0,"progress":["Plains"]},"stat.useItem.minecraft.netherrack":18}