{"stat.flyOneCm":107883,"stat.deaths":1,"stat.useItem.minecraft.lapis_block":5,"stat.walkOneCm":898,"stat.jump":6,"stat.playOneMinute":2740,"stat.useItem.minecraft.bed":3,"stat.fallOneCm":1029,"achievement.openInventory":1,"stat.leaveGame":1,"stat.damageTaken":280,"stat.crouchOneCm":46,"stat.timeSinceDeath":2632,"stat.useItem.minecraft.obsidian":1,"stat.useItem.minecraft.diamond_block":10,"stat.sprintOneCm":542,"achievement.exploreAllBiomes":{"value":0,"progress":["Plains"]},"stat.useItem.minecraft.netherrack":39}