{"stat.walkOneCm":49417,"stat.useItem.minecraft.stone_slab":21,"achievement.openInventory":20,"stat.useItem.minecraft.stone":112,"stat.leaveGame":1,"stat.damageTaken":440,"stat.useItem.minecraft.emerald_block":2,"stat.flyOneCm":449009,"stat.deaths":2,"stat.useItem.minecraft.cobblestone_wall":16,"stat.jump":114,"stat.playOneMinute":39343,"stat.useItem.minecraft.planks":3,"stat.useItem.minecraft.spruce_stairs":16,"stat.crouchOneCm":16103,"stat.useItem.minecraft.wool":9,"stat.timeSinceDeath":39035,"stat.useItem.minecraft.spruce_fence":39,"stat.useItem.minecraft.stained_hardened_clay":139,"stat.useItem.minecraft.leaves":11,"stat.useItem.minecraft.trapdoor":3,"stat.useItem.minecraft.dirt":2,"stat.sprintOneCm":14176,"stat.useItem.minecraft.jukebox":2,"stat.useItem.minecraft.stained_glass":30,"stat.useItem.minecraft.wooden_slab":11,"achievement.exploreAllBiomes":{"value":0,"progress":["Plains"]},"stat.useItem.minecraft.fence":1}