{"stat.walkOneCm":67668,"stat.useItem.minecraft.chest":15,"achievement.openInventory":5,"stat.useItem.minecraft.stone":118,"stat.leaveGame":6,"stat.useItem.minecraft.ender_chest":9,"stat.useItem.minecraft.armor_stand":18,"stat.flyOneCm":3184826,"stat.jump":233,"stat.playOneMinute":185314,"stat.climbOneCm":36,"stat.useItem.minecraft.item_frame":1,"stat.crouchOneCm":8723,"stat.enderchestOpened":1,"stat.timeSinceDeath":185314,"stat.useItem.minecraft.stained_hardened_clay":167,"stat.useItem.minecraft.dirt":5,"stat.sprintOneCm":39261,"achievement.exploreAllBiomes":{"value":0,"progress":["Plains"]}}