{"stat.useItem.minecraft.iron_bars":42,"stat.useItem.minecraft.lapis_block":299,"stat.walkOneCm":56891,"stat.useItem.minecraft.bed":8,"achievement.openInventory":30,"stat.useItem.minecraft.stone":102,"stat.leaveGame":3,"stat.damageTaken":200,"stat.flyOneCm":585803,"stat.deaths":1,"stat.useItem.minecraft.bedrock":9,"stat.jump":142,"stat.playOneMinute":113823,"stat.useItem.minecraft.nether_brick_stairs":6,"stat.useItem.minecraft.nether_brick":1,"stat.crouchOneCm":9696,"stat.timeSinceDeath":113712,"stat.sprintOneCm":28963,"achievement.exploreAllBiomes":{"value":0,"progress":["Plains"]}}