{"stat.useItem.minecraft.prismarine":120,"stat.useItem.minecraft.iron_bars":3,"stat.useItem.minecraft.red_flower":5,"stat.walkOneCm":22522,"stat.useItem.minecraft.stone_slab":15,"achievement.openInventory":37,"stat.useItem.minecraft.barrier":3,"stat.damageTaken":1845,"stat.useItem.minecraft.dark_oak_fence":3,"stat.useItem.minecraft.dark_oak_stairs":5,"stat.useItem.minecraft.stained_glass_pane":16,"stat.flyOneCm":358390,"stat.deaths":1,"stat.useItem.minecraft.cobblestone_wall":9,"stat.jump":84,"stat.playOneMinute":20797,"stat.fallOneCm":17199,"stat.useItem.minecraft.sea_lantern":1,"stat.crouchOneCm":618,"stat.useItem.minecraft.wool":1,"stat.timeSinceDeath":20682,"stat.useItem.minecraft.dirt":31,"stat.useItem.minecraft.leaves":11,"stat.sprintOneCm":7162,"stat.useItem.minecraft.stained_glass":17,"stat.useItem.minecraft.diamond_block":4,"stat.useItem.minecraft.tallgrass":3,"stat.useItem.minecraft.wooden_slab":13,"achievement.exploreAllBiomes":{"value":0,"progress":["Plains"]}}