{"stat.flyOneCm":1561922,"stat.deaths":1,"stat.walkOneCm":17237,"stat.jump":149,"stat.playOneMinute":57201,"stat.fallOneCm":16403,"achievement.openInventory":18,"stat.useItem.minecraft.planks":21,"stat.useItem.minecraft.stone":42,"stat.leaveGame":1,"stat.damageTaken":1750,"stat.crouchOneCm":723,"stat.useItem.minecraft.wool":719,"stat.timeSinceDeath":57090,"stat.useItem.minecraft.gold_block":219,"stat.useItem.minecraft.stained_hardened_clay":20,"stat.sprintOneCm":12730,"stat.useItem.minecraft.dark_oak_stairs":18,"stat.useItem.minecraft.wooden_slab":15,"achievement.exploreAllBiomes":{"value":0,"progress":["Plains"]}}