{"stat.walkOneCm":200790,"stat.useItem.minecraft.chest":15,"stat.useItem.minecraft.stone":118,"stat.leaveGame":12,"stat.useItem.minecraft.ender_chest":9,"stat.useItem.minecraft.armor_stand":18,"stat.jump":1200,"stat.climbOneCm":36,"stat.useItem.minecraft.planks":12,"stat.useItem.minecraft.item_frame":7,"stat.crouchOneCm":16225,"stat.enderchestOpened":1,"stat.useItem.minecraft.stained_hardened_clay":170,"stat.useItem.minecraft.dirt":6,"stat.sprintOneCm":123972,"achievement.exploreAllBiomes":{"value":0,"progress":["Plains"]},"stat.useItem.minecraft.stone_slab":9,"stat.useItem.minecraft.bed":1,"achievement.openInventory":19,"stat.useItem.minecraft.gold_block":1,"stat.flyOneCm":4408292,"stat.playOneMinute":257765,"stat.useItem.minecraft.wool":2,"stat.timeSinceDeath":257765,"stat.useItem.minecraft.wooden_slab":10}