{"stat.flowerPotted":1,"stat.walkOneCm":54313,"stat.useItem.minecraft.chest":4,"stat.leaveGame":3,"stat.useItem.minecraft.ender_chest":4,"stat.useItem.minecraft.flower_pot":1,"stat.jump":98,"stat.fallOneCm":1579,"stat.useItem.minecraft.planks":54,"stat.crouchOneCm":2313,"stat.useItem.minecraft.stained_hardened_clay":126,"stat.useItem.minecraft.leaves":3,"stat.useItem.minecraft.trapdoor":1,"stat.useItem.minecraft.dirt":11,"stat.sprintOneCm":8143,"achievement.exploreAllBiomes":{"value":0,"progress":["Plains"]},"stat.useItem.minecraft.stone_slab":1,"achievement.openInventory":5,"stat.damageTaken":330,"stat.flyOneCm":575613,"stat.deaths":1,"stat.playOneMinute":49966,"stat.timeSinceDeath":49857,"stat.useItem.minecraft.jukebox":1,"stat.useItem.minecraft.wooden_slab":6}